{
  "chart": {
    "title": "The Universal Health Coverage (UHC) Service Coverage Index",
    "subtitle": "The Universal Health Coverage (UHC) Service Coverage Index is measured on a scale from 0 (worst) to 100 (best) based on the average coverage of essential services including reproductive, maternal, newborn and child health, infectious diseases, non-communicable diseases and service capacity and access.",
    "citation": "World Health Organization - Global Health Observatory (2025)",
    "originalChartUrl": "https://ourworldindata.org/grapher/universal-health-coverage-index?v=1&csvType=full&useColumnShortNames=false",
    "selection": [
      "Africa (WHO)",
      "Americas (WHO)",
      "Europe (WHO)",
      "South-East Asia (WHO)",
      "Western Pacific (WHO)",
      "Eastern Mediterranean (WHO)"
    ]
  },
  "columns": {
    "UHC Service Coverage Index (SDG 3.8.1)": {
      "titleShort": "UHC Service Coverage Index (SDG 3.8.1)",
      "titleLong": "UHC Service Coverage Index (SDG 3.8.1)",
      "descriptionShort": "Coverage of essential health services (defined as the average coverage of essential services based on tracer interventions that include reproductive, maternal, newborn and child health, infectious diseases, non-communicable diseases and service capacity and access, among the general and the most disadvantaged population). The indicator is an index reported on a unitless scale of 0 to 100, which is computed as the geometric mean of 14 tracer indicators of health service coverage. The tracer indicators are as follows, organized by four components of service coverage: 1\\. Reproductive, maternal, newborn and child health 2\\. Infectious diseases 3\\. Noncommunicable diseases 4\\. Service capacity and access",
      "unit": "",
      "timespan": "2000-2021",
      "type": "Numeric",
      "owidVariableId": 1063547,
      "shortName": "uhc_service_coverage_index__sdg_3_8_1",
      "lastUpdated": "2025-05-19",
      "nextUpdate": "2026-05-19",
      "citationShort": "World Health Organization - Global Health Observatory (2025) – processed by Our World in Data",
      "citationLong": "World Health Organization - Global Health Observatory (2025) – processed by Our World in Data. “UHC Service Coverage Index (SDG 3.8.1)” [dataset]. World Health Organization, “Global Health Observatory” [original data].",
      "fullMetadata": "https://api.ourworldindata.org/v1/indicators/1063547.metadata.json"
    }
  },
  "dateDownloaded": "2025-06-17",
  "activeFilters": {}
}